id,category,original_tokens,direct_llmlingua_tokens,optimized_tokens,token_reduction,token_reduction_percent,direct_reduction_percent,retention_rate,validation_status,fallback,llmlingua_calls,adaptive_iterations,early_exit,protection_time_ms,compression_time_ms,validation_time_ms,total_time_ms
ADV-001,adversarial,10,6,10,0,0.0,40.0,1.0,PASS,False,0,0,True,0.66,10860.85,1.82,10863.61
ADV-002,adversarial,9,6,9,0,0.0,33.33,1.0,PASS,False,0,0,True,0.66,1189.5,0.54,1190.94
ADV-003,adversarial,6,4,6,0,0.0,33.33,1.0,PASS,False,0,0,True,0.02,1178.38,0.23,1178.9
ADV-004,adversarial,7,4,7,0,0.0,42.86,1.0,PASS,False,0,0,True,0.02,1124.59,0.23,1125.08
ADV-005,adversarial,11,7,11,0,0.0,36.36,1.0,PASS,False,0,0,True,0.02,1254.41,0.2,1254.85
ADV-006,adversarial,9,5,9,0,0.0,44.44,1.0,PASS,False,0,0,True,0.02,1163.91,0.09,1164.23
ADV-007,adversarial,10,7,10,0,0.0,30.0,1.0,PASS,False,0,0,True,0.02,1173.17,0.17,1173.57
ADV-008,adversarial,13,8,13,0,0.0,38.46,1.0,PASS,False,0,0,True,0.02,1146.12,0.51,1146.91
ADV-009,adversarial,8,5,8,0,0.0,37.5,1.0,PASS,False,0,0,True,0.02,1150.26,0.12,1150.64
ADV-010,adversarial,17,13,17,0,0.0,23.53,1.0,PASS,False,0,0,True,0.03,1166.2,0.18,1166.63
ADV-011,adversarial,16,11,16,0,0.0,31.25,1.0,PASS,False,0,0,True,0.03,1125.0,0.46,1125.72
ADV-012,adversarial,13,8,13,0,0.0,38.46,1.0,PASS,False,0,0,True,0.02,1146.57,0.41,1147.23
ADV-013,adversarial,7,4,7,0,0.0,42.86,1.0,PASS,False,0,0,True,0.02,1177.12,0.12,1177.47
ADV-014,adversarial,10,6,10,0,0.0,40.0,1.0,PASS,False,0,0,True,0.02,1161.42,0.11,1161.76
ADV-015,adversarial,11,7,11,0,0.0,36.36,1.0,PASS,False,0,0,True,0.02,1163.88,0.2,1164.32
ADV-016,adversarial,15,10,15,0,0.0,33.33,1.0,PASS,False,0,0,True,0.02,1162.11,0.23,1162.58
ADV-017,adversarial,14,8,14,0,0.0,42.86,1.0,PASS,False,0,0,True,0.03,1164.31,0.21,1164.78
ADV-018,adversarial,11,6,11,0,0.0,45.45,1.0,PASS,False,0,0,True,0.02,1159.09,0.43,1159.78
ADV-019,adversarial,15,9,15,0,0.0,40.0,1.0,PASS,False,0,0,True,0.03,1231.15,0.49,1231.96
ADV-020,adversarial,9,5,9,0,0.0,44.44,1.0,PASS,False,0,0,True,0.02,1195.11,0.11,1195.47
ADV-021,adversarial,7,5,7,0,0.0,28.57,1.0,PASS,False,0,0,True,0.02,1182.0,0.12,1182.35
ADV-022,adversarial,17,10,17,0,0.0,41.18,1.0,PASS,False,0,0,True,0.03,1196.43,0.13,1196.83
ADV-023,adversarial,13,8,13,0,0.0,38.46,1.0,PASS,False,0,0,True,0.03,1197.17,0.12,1197.54
ADV-024,adversarial,23,14,23,0,0.0,39.13,1.0,PASS,False,0,0,True,0.03,1194.24,0.13,1194.63
ADV-025,adversarial,23,11,23,0,0.0,52.17,1.0,PASS,False,0,0,True,0.03,1252.33,0.13,1252.74
ADV-026,adversarial,20,16,20,0,0.0,20.0,1.0,PASS,False,0,0,True,0.04,1187.43,0.16,1187.9
ADV-027,adversarial,20,14,20,0,0.0,30.0,1.0,PASS,False,0,0,True,0.03,1197.83,0.15,1198.28
ADV-028,adversarial,17,10,17,0,0.0,41.18,1.0,PASS,False,0,0,True,0.03,1254.82,0.25,1255.35
ADV-029,adversarial,15,11,15,0,0.0,26.67,1.0,PASS,False,0,0,True,0.03,1203.02,0.13,1203.41
ADV-030,adversarial,26,9,26,0,0.0,65.38,1.0,PASS,False,0,0,True,0.03,1177.99,0.47,1178.73
ADV-031,adversarial,9,4,9,0,0.0,55.56,1.0,PASS,False,0,0,True,0.02,1222.52,0.46,1223.22
ADV-032,adversarial,10,7,10,0,0.0,30.0,1.0,PASS,False,0,0,True,0.03,1186.55,0.43,1187.25
ADV-033,adversarial,15,9,15,0,0.0,40.0,1.0,PASS,False,0,0,True,0.03,1172.08,0.66,1172.98
ADV-034,adversarial,17,12,17,0,0.0,29.41,1.0,PASS,False,0,0,True,0.02,1275.86,0.48,1276.63
ADV-035,adversarial,13,7,13,0,0.0,46.15,1.0,PASS,False,0,0,True,0.03,1218.0,0.46,1218.72
ADV-036,adversarial,11,7,11,0,0.0,36.36,1.0,PASS,False,0,0,True,0.02,1156.65,0.61,1157.6
ADV-037,adversarial,10,6,10,0,0.0,40.0,1.0,PASS,False,0,0,True,0.03,1256.31,0.5,1257.11
ADV-038,adversarial,18,12,18,0,0.0,33.33,1.0,PASS,False,0,0,True,0.03,1222.81,0.14,1223.21
ADV-039,adversarial,9,6,9,0,0.0,33.33,1.0,PASS,False,0,0,True,0.02,1234.38,0.49,1235.26
ADV-040,adversarial,10,5,10,0,0.0,50.0,1.0,PASS,False,0,0,True,0.02,1293.75,0.45,1294.44
ADV-041,adversarial,7,4,7,0,0.0,42.86,1.0,PASS,False,0,0,True,0.02,1221.71,0.16,1222.11
ADV-042,adversarial,14,10,14,0,0.0,28.57,1.0,PASS,False,0,0,True,0.02,1170.83,0.16,1171.24
ADV-043,adversarial,11,6,11,0,0.0,45.45,1.0,PASS,False,0,0,True,0.02,1215.22,0.22,1215.7
ADV-044,adversarial,11,6,11,0,0.0,45.45,1.0,PASS,False,0,0,True,0.02,1190.45,0.19,1190.97
ADV-045,adversarial,11,7,11,0,0.0,36.36,1.0,PASS,False,0,0,True,0.02,1177.7,0.25,1178.2
ADV-046,adversarial,9,7,9,0,0.0,22.22,1.0,PASS,False,0,0,True,0.02,1184.01,0.25,1184.58
ADV-047,adversarial,11,8,11,0,0.0,27.27,1.0,PASS,False,0,0,True,0.02,1193.76,0.23,1194.24
ADV-048,adversarial,14,10,14,0,0.0,28.57,1.0,PASS,False,0,0,True,0.02,1172.45,0.11,1172.81
ADV-049,adversarial,13,8,13,0,0.0,38.46,1.0,PASS,False,0,0,True,0.02,1209.12,0.11,1209.48
ADV-050,adversarial,19,11,19,0,0.0,42.11,1.0,PASS,False,0,0,True,0.03,1176.68,0.13,1177.08
AGT-001,agents,43,28,43,0,0.0,34.88,1.0,PASS,False,0,0,True,0.04,1183.22,0.2,1183.73
AGT-002,agents,48,32,48,0,0.0,33.33,1.0,PASS,False,0,0,True,0.04,1236.85,0.3,1237.85
AGT-003,agents,34,24,34,0,0.0,29.41,1.0,PASS,False,0,0,True,0.03,1277.79,0.24,1278.33
AGT-004,agents,31,17,31,0,0.0,45.16,1.0,PASS,False,0,0,True,0.03,1179.42,0.15,1179.9
AGT-005,agents,29,19,29,0,0.0,34.48,1.0,PASS,False,0,0,True,0.03,1204.84,0.18,1205.31
AGT-006,agents,29,33,19,10,34.48,-13.79,0.6552,PASS,False,4,4,False,0.04,1203.58,0.21,6112.1
AGT-007,agents,24,17,24,0,0.0,29.17,1.0,PASS,False,0,0,True,0.04,1235.09,0.27,1235.65
AGT-008,agents,36,20,36,0,0.0,44.44,1.0,PASS,False,0,0,True,0.04,1236.56,0.29,1237.16
AGT-009,agents,34,19,34,0,0.0,44.12,1.0,PASS,False,0,0,True,0.03,1184.48,0.17,1184.95
AGT-010,agents,35,21,35,0,0.0,40.0,1.0,PASS,False,0,0,True,0.04,1227.59,0.17,1228.06
AGT-011,agents,38,25,38,0,0.0,34.21,1.0,PASS,False,0,0,True,0.04,1173.06,0.53,1173.9
AGT-012,agents,31,27,29,2,6.45,12.9,0.9355,PASS,False,4,4,False,0.04,1212.18,0.18,6095.4
AGT-013,agents,40,25,40,0,0.0,37.5,1.0,PASS,False,0,0,True,0.03,1211.72,0.27,1212.36
AGT-014,agents,15,9,15,0,0.0,40.0,1.0,PASS,False,0,0,True,0.03,1215.63,0.15,1216.04
AGT-015,agents,30,20,30,0,0.0,33.33,1.0,PASS,False,0,0,True,0.03,1213.84,0.25,1214.43
COD-001,code,39,20,39,0,0.0,48.72,1.0,PASS,False,0,0,True,0.03,1323.16,0.21,1323.66
COD-002,code,43,22,43,0,0.0,48.84,1.0,PASS,False,0,0,True,0.03,1266.05,0.27,1266.64
COD-003,code,54,33,54,0,0.0,38.89,1.0,PASS,False,0,0,True,0.03,1233.51,0.25,1234.07
COD-004,code,59,39,59,0,0.0,33.9,1.0,PASS,False,0,0,True,0.03,1275.86,0.19,1276.39
COD-005,code,30,16,30,0,0.0,46.67,1.0,PASS,False,0,0,True,0.03,1248.89,0.22,1249.4
COD-006,code,57,36,57,0,0.0,36.84,1.0,PASS,False,0,0,True,0.04,1218.81,0.26,1219.37
COD-007,code,61,34,61,0,0.0,44.26,1.0,PASS,False,0,0,True,0.03,1208.79,0.26,1209.4
COD-008,code,33,22,33,0,0.0,33.33,1.0,PASS,False,0,0,True,0.03,1191.03,0.19,1191.56
COD-009,code,30,17,30,0,0.0,43.33,1.0,PASS,False,0,0,True,0.03,1193.15,0.2,1193.71
COD-010,code,50,30,50,0,0.0,40.0,1.0,PASS,False,0,0,True,0.04,1295.42,0.59,1296.35
COD-011,code,35,21,35,0,0.0,40.0,1.0,PASS,False,0,0,True,0.03,1241.79,0.17,1242.27
COD-012,code,54,30,54,0,0.0,44.44,1.0,PASS,False,0,0,True,0.03,1245.52,0.22,1246.17
COD-013,code,33,20,33,0,0.0,39.39,1.0,PASS,False,0,0,True,0.03,1262.72,0.19,1263.31
COD-014,code,50,29,50,0,0.0,42.0,1.0,PASS,False,0,0,True,0.03,1194.89,0.19,1195.48
COD-015,code,57,32,57,0,0.0,43.86,1.0,PASS,False,0,0,True,0.03,1219.54,0.24,1220.08
COD-016,code,26,14,26,0,0.0,46.15,1.0,PASS,False,0,0,True,0.04,1255.46,0.22,1255.95
COD-017,code,49,27,49,0,0.0,44.9,1.0,PASS,False,0,0,True,0.03,1209.64,0.25,1210.21
COD-018,code,28,17,28,0,0.0,39.29,1.0,PASS,False,0,0,True,0.03,1174.34,0.18,1174.8
COD-019,code,33,19,33,0,0.0,42.42,1.0,PASS,False,0,0,True,0.03,1216.2,0.16,1216.63
COD-020,code,44,31,44,0,0.0,29.55,1.0,PASS,False,0,0,True,0.03,1237.55,0.17,1238.01
GEN-001,general,26,17,11,15,57.69,34.62,0.4231,PASS,False,4,4,False,0.04,1223.58,0.14,6096.5
GEN-002,general,25,17,14,11,44.0,32.0,0.56,PASS,False,4,4,False,0.05,1270.63,0.17,6148.21
GEN-003,general,23,15,23,0,0.0,34.78,1.0,PASS,False,0,0,True,0.03,1210.22,0.25,1210.78
GEN-004,general,31,19,31,0,0.0,38.71,1.0,PASS,False,0,0,True,0.04,1214.54,0.2,1215.04
GEN-005,general,22,15,22,0,0.0,31.82,1.0,PASS,False,0,0,True,0.03,1215.37,0.15,1215.81
GEN-006,general,24,18,10,14,58.33,25.0,0.4167,PASS,False,4,4,False,0.04,1316.95,0.16,6317.33
GEN-007,general,30,21,30,0,0.0,30.0,1.0,PASS,False,0,0,True,0.03,1311.17,0.23,1311.69
GEN-008,general,23,15,23,0,0.0,34.78,1.0,PASS,False,0,0,True,0.03,1194.21,0.16,1194.66
GEN-009,general,26,17,26,0,0.0,34.62,1.0,PASS,False,0,0,True,0.03,1244.81,0.17,1245.39
GEN-010,general,17,9,17,0,0.0,47.06,1.0,PASS,False,0,0,True,0.03,1390.27,0.14,1390.7
GEN-011,general,27,17,27,0,0.0,37.04,1.0,PASS,False,0,0,True,0.04,1315.54,0.17,1316.02
GEN-012,general,26,16,26,0,0.0,38.46,1.0,PASS,False,0,0,True,0.03,1345.79,0.16,1346.24
GEN-013,general,32,20,32,0,0.0,37.5,1.0,PASS,False,0,0,True,0.04,1212.6,0.18,1213.08
GEN-014,general,32,21,32,0,0.0,34.38,1.0,PASS,False,0,0,True,0.04,1655.34,0.18,1655.97
GEN-015,general,27,15,27,0,0.0,44.44,1.0,PASS,False,0,0,True,0.03,1336.33,0.16,1336.8
JSN-001,json,43,22,43,0,0.0,48.84,1.0,PASS,False,0,0,True,0.03,1270.15,0.25,1270.7
JSN-002,json,38,21,38,0,0.0,44.74,1.0,PASS,False,0,0,True,0.03,1260.33,0.31,1260.99
JSN-003,json,41,22,41,0,0.0,46.34,1.0,PASS,False,0,0,True,0.04,1267.66,0.18,1268.13
JSN-004,json,29,14,29,0,0.0,51.72,1.0,PASS,False,0,0,True,0.03,1234.4,0.17,1234.88
JSN-005,json,39,24,39,0,0.0,38.46,1.0,PASS,False,0,0,True,0.03,1219.75,0.21,1220.34
JSN-006,json,41,26,41,0,0.0,36.59,1.0,PASS,False,0,0,True,0.04,1028.85,0.29,1029.48
JSN-007,json,36,24,36,0,0.0,33.33,1.0,PASS,False,0,0,True,0.04,1002.45,0.39,1003.17
JSN-008,json,49,28,49,0,0.0,42.86,1.0,PASS,False,0,0,True,0.04,1024.63,0.22,1025.13
JSN-009,json,41,23,41,0,0.0,43.9,1.0,PASS,False,0,0,True,0.04,1017.62,0.19,1018.17
JSN-010,json,44,30,44,0,0.0,31.82,1.0,PASS,False,0,0,True,0.04,1025.81,0.28,1026.44
JSN-011,json,47,33,47,0,0.0,29.79,1.0,PASS,False,0,0,True,0.04,1004.5,0.19,1004.99
JSN-012,json,53,27,53,0,0.0,49.06,1.0,PASS,False,0,0,True,0.03,998.16,0.25,998.77
JSN-013,json,41,25,41,0,0.0,39.02,1.0,PASS,False,0,0,True,0.04,998.23,0.15,998.67
JSN-014,json,45,24,45,0,0.0,46.67,1.0,PASS,False,0,0,True,0.03,1006.64,0.36,1007.33
JSN-015,json,51,34,51,0,0.0,33.33,1.0,PASS,False,0,0,True,0.04,997.86,0.3,998.55
JSN-016,json,44,28,44,0,0.0,36.36,1.0,PASS,False,0,0,True,0.04,1069.29,0.34,1069.94
JSN-017,json,51,32,51,0,0.0,37.25,1.0,PASS,False,0,0,True,0.03,1019.17,0.19,1019.72
JSN-018,json,49,26,49,0,0.0,46.94,1.0,PASS,False,0,0,True,0.04,1059.32,0.32,1060.03
JSN-019,json,46,26,46,0,0.0,43.48,1.0,PASS,False,0,0,True,0.04,1020.33,0.15,1020.76
JSN-020,json,39,20,39,0,0.0,48.72,1.0,PASS,False,0,0,True,0.03,1028.2,0.3,1028.83
MLT-001,multi_constraint,51,37,48,3,5.88,27.45,0.9412,PASS,False,4,4,False,0.06,1021.05,0.44,5219.04
MLT-002,multi_constraint,42,29,39,3,7.14,30.95,0.9286,PASS,False,4,4,False,0.06,1177.82,0.39,5257.31
MLT-003,multi_constraint,54,42,40,14,25.93,22.22,0.7407,PASS,False,4,4,False,0.06,1366.89,0.29,7071.48
MLT-004,multi_constraint,37,40,37,0,0.0,-8.11,1.0,FAIL,True,4,4,False,0.05,1481.62,0.6,6909.62
MLT-005,multi_constraint,36,44,36,0,0.0,-22.22,1.0,FAIL,True,4,4,False,0.05,1231.42,0.39,7526.46
MLT-006,multi_constraint,40,35,40,0,0.0,12.5,1.0,FAIL,True,4,4,False,0.06,1461.55,1.04,7313.45
MLT-007,multi_constraint,45,39,36,9,20.0,13.33,0.8,PASS,False,4,4,False,0.06,1280.46,0.28,6752.24
MLT-008,multi_constraint,49,32,45,4,8.16,34.69,0.9184,PASS,False,4,4,False,0.05,1373.3,0.29,6981.41
MLT-009,multi_constraint,35,42,35,0,0.0,-20.0,1.0,FAIL,True,4,4,False,0.06,1270.02,0.31,6251.54
MLT-010,multi_constraint,56,34,48,8,14.29,39.29,0.8571,PASS,False,4,4,False,0.05,1252.61,0.46,5400.03
MLT-011,multi_constraint,41,26,35,6,14.63,36.59,0.8537,PASS,False,4,4,False,0.06,993.52,0.29,4976.96
MLT-012,multi_constraint,46,32,40,6,13.04,30.43,0.8696,PASS,False,4,4,False,0.04,993.56,0.39,5020.41
MLT-013,multi_constraint,32,30,32,0,0.0,6.25,1.0,FAIL,True,4,4,False,0.06,1026.27,0.41,5001.66
MLT-014,multi_constraint,30,36,30,0,0.0,-20.0,1.0,FAIL,True,4,4,False,0.06,979.47,0.45,4905.13
MLT-015,multi_constraint,32,35,32,0,0.0,-9.38,1.0,FAIL,True,4,4,False,0.06,977.8,0.47,4851.24
MLT-016,multi_constraint,34,35,34,0,0.0,-2.94,1.0,FAIL,True,4,4,False,0.07,977.83,0.28,4918.17
MLT-017,multi_constraint,30,33,30,0,0.0,-10.0,1.0,FAIL,True,4,4,False,0.04,1005.57,0.27,5927.08
MLT-018,multi_constraint,29,28,29,0,0.0,3.45,1.0,FAIL,True,4,4,False,0.05,1394.1,0.37,6887.61
MLT-019,multi_constraint,39,38,39,0,0.0,2.56,1.0,FAIL,True,4,4,False,0.05,1320.12,0.39,6419.15
MLT-020,multi_constraint,47,34,36,11,23.4,27.66,0.766,PASS,False,4,4,False,0.05,1253.87,0.3,6311.01
MLT-021,multi_constraint,46,39,42,4,8.7,15.22,0.913,PASS,False,4,4,False,0.05,1280.04,0.24,6308.19
MLT-022,multi_constraint,31,33,31,0,0.0,-6.45,1.0,FAIL,True,4,4,False,0.05,1257.66,0.31,6291.39
MLT-023,multi_constraint,40,32,33,7,17.5,20.0,0.825,PASS,False,4,4,False,0.05,1287.22,0.28,6306.98
MLT-024,multi_constraint,11,32,9,2,18.18,-190.91,0.8182,PASS,False,4,4,False,0.06,1248.79,0.41,6270.08
MLT-025,multi_constraint,33,36,33,0,0.0,-9.09,1.0,FAIL,True,4,4,False,0.06,1240.2,0.3,6261.27
MLT-026,multi_constraint,45,34,40,5,11.11,24.44,0.8889,PASS,False,4,4,False,0.05,1281.24,0.32,6276.9
MLT-027,multi_constraint,43,35,33,10,23.26,18.6,0.7674,PASS,False,4,4,False,0.05,1234.78,0.29,6304.13
MLT-028,multi_constraint,46,36,38,8,17.39,21.74,0.8261,PASS,False,4,4,False,0.05,1253.48,0.28,6362.61
MLT-029,multi_constraint,39,30,33,6,15.38,23.08,0.8462,PASS,False,4,4,False,0.05,1250.52,0.25,6417.93
MLT-030,multi_constraint,39,38,32,7,17.95,2.56,0.8205,PASS,False,4,4,False,0.05,1287.03,0.23,6224.94
MLT-031,multi_constraint,46,34,39,7,15.22,26.09,0.8478,PASS,False,4,4,False,0.06,1228.16,0.37,6168.79
MLT-032,multi_constraint,28,25,28,0,0.0,10.71,1.0,FAIL,True,4,4,False,0.05,1231.06,0.29,6189.76
MLT-033,multi_constraint,46,32,38,8,17.39,30.43,0.8261,PASS,False,4,4,False,0.05,1226.65,0.26,6206.89
MLT-034,multi_constraint,40,30,35,5,12.5,25.0,0.875,PASS,False,4,4,False,0.04,1224.74,0.26,6227.04
MLT-035,multi_constraint,41,28,38,3,7.32,31.71,0.9268,PASS,False,4,4,False,0.05,1265.57,0.28,6220.73
MLT-036,multi_constraint,31,37,31,0,0.0,-19.35,1.0,FAIL,True,4,4,False,0.05,1241.69,0.26,6249.22
MLT-037,multi_constraint,42,33,37,5,11.9,21.43,0.881,PASS,False,4,4,False,0.05,1229.62,0.27,6171.83
MLT-038,multi_constraint,33,36,33,0,0.0,-9.09,1.0,FAIL,True,4,4,False,0.05,1265.41,0.31,6416.91
MLT-039,multi_constraint,48,29,43,5,10.42,39.58,0.8958,PASS,False,4,4,False,0.07,1286.78,0.37,6321.29
MLT-040,multi_constraint,28,29,28,0,0.0,-3.57,1.0,FAIL,True,4,4,False,0.05,1325.17,0.36,6297.34
MLT-041,multi_constraint,39,31,32,7,17.95,20.51,0.8205,PASS,False,4,4,False,0.07,1290.19,0.24,6281.53
MLT-042,multi_constraint,47,32,41,6,12.77,31.91,0.8723,PASS,False,4,4,False,0.05,1238.32,0.27,6230.75
MLT-043,multi_constraint,45,30,41,4,8.89,33.33,0.9111,PASS,False,4,4,False,0.06,1266.58,0.3,6211.64
MLT-044,multi_constraint,32,30,32,0,0.0,6.25,1.0,FAIL,True,4,4,False,0.05,1222.65,0.27,6162.83
MLT-045,multi_constraint,42,31,38,4,9.52,26.19,0.9048,PASS,False,4,4,False,0.05,1269.71,0.29,6213.61
MLT-046,multi_constraint,41,28,32,9,21.95,31.71,0.7805,PASS,False,4,4,False,0.05,1221.08,0.24,6130.55
MLT-047,multi_constraint,44,31,41,3,6.82,29.55,0.9318,PASS,False,4,4,False,0.05,1263.06,0.29,6162.79
MLT-048,multi_constraint,30,33,30,0,0.0,-10.0,1.0,FAIL,True,4,4,False,0.05,1225.26,0.33,6163.85
MLT-049,multi_constraint,40,30,32,8,20.0,25.0,0.8,PASS,False,4,4,False,0.05,1266.53,0.31,6258.18
MLT-050,multi_constraint,54,37,50,4,7.41,31.48,0.9259,PASS,False,4,4,False,0.06,1257.23,0.32,6363.32
NEG-001,negation,19,12,19,0,0.0,36.84,1.0,PASS,False,0,0,True,0.03,1274.73,0.16,1275.15
NEG-002,negation,13,8,13,0,0.0,38.46,1.0,PASS,False,0,0,True,0.03,1234.29,0.15,1234.7
NEG-003,negation,14,8,14,0,0.0,42.86,1.0,PASS,False,0,0,True,0.03,1218.76,0.15,1219.18
NEG-004,negation,11,7,11,0,0.0,36.36,1.0,PASS,False,0,0,True,0.02,1268.61,0.14,1269.06
NEG-005,negation,13,8,13,0,0.0,38.46,1.0,PASS,False,0,0,True,0.03,1230.93,0.44,1231.71
NEG-006,negation,11,7,11,0,0.0,36.36,1.0,PASS,False,0,0,True,0.02,1234.89,0.15,1235.3
NEG-007,negation,14,9,14,0,0.0,35.71,1.0,PASS,False,0,0,True,0.03,1258.51,0.15,1258.92
NEG-008,negation,14,9,14,0,0.0,35.71,1.0,PASS,False,0,0,True,0.03,1222.36,0.14,1222.75
NEG-009,negation,12,8,12,0,0.0,33.33,1.0,PASS,False,0,0,True,0.02,1219.42,0.13,1219.81
NEG-010,negation,13,9,13,0,0.0,30.77,1.0,PASS,False,0,0,True,0.03,1262.03,0.14,1262.43
NEG-011,negation,9,4,9,0,0.0,55.56,1.0,PASS,False,0,0,True,0.02,1216.66,0.14,1217.05
NEG-012,negation,10,7,10,0,0.0,30.0,1.0,PASS,False,0,0,True,0.02,1246.49,0.15,1246.91
NEG-013,negation,20,12,20,0,0.0,40.0,1.0,PASS,False,0,0,True,0.04,1256.08,0.18,1256.56
NEG-014,negation,17,12,17,0,0.0,29.41,1.0,PASS,False,0,0,True,0.03,1225.87,0.14,1226.26
NEG-015,negation,13,7,13,0,0.0,46.15,1.0,PASS,False,0,0,True,0.02,1220.63,0.14,1221.01
NEG-016,negation,12,8,12,0,0.0,33.33,1.0,PASS,False,0,0,True,0.02,1264.3,0.13,1264.7
NEG-017,negation,10,6,10,0,0.0,40.0,1.0,PASS,False,0,0,True,0.02,1212.86,0.14,1213.23
NEG-018,negation,18,12,18,0,0.0,33.33,1.0,PASS,False,0,0,True,0.02,1229.24,0.16,1229.65
NEG-019,negation,9,6,9,0,0.0,33.33,1.0,PASS,False,0,0,True,0.02,1244.11,0.13,1244.49
NEG-020,negation,10,5,10,0,0.0,50.0,1.0,PASS,False,0,0,True,0.02,1202.66,0.13,1203.04
NEG-021,negation,16,11,16,0,0.0,31.25,1.0,PASS,False,0,0,True,0.03,1204.19,0.15,1204.6
NEG-022,negation,13,8,13,0,0.0,38.46,1.0,PASS,False,0,0,True,0.02,1242.22,0.15,1242.65
NEG-023,negation,14,9,14,0,0.0,35.71,1.0,PASS,False,0,0,True,0.02,1214.5,0.14,1214.89
NEG-024,negation,14,10,14,0,0.0,28.57,1.0,PASS,False,0,0,True,0.02,1208.69,0.15,1209.13
NEG-025,negation,12,8,12,0,0.0,33.33,1.0,PASS,False,0,0,True,0.03,1235.72,0.46,1236.44
NEG-026,negation,18,12,18,0,0.0,33.33,1.0,PASS,False,0,0,True,0.03,1196.57,0.16,1196.99
NEG-027,negation,16,9,16,0,0.0,43.75,1.0,PASS,False,0,0,True,0.03,1188.61,0.16,1189.04
NEG-028,negation,16,11,16,0,0.0,31.25,1.0,PASS,False,0,0,True,0.03,1246.92,0.49,1247.7
NEG-029,negation,13,7,13,0,0.0,46.15,1.0,PASS,False,0,0,True,0.03,1199.87,0.52,1200.74
NEG-030,negation,17,10,17,0,0.0,41.18,1.0,PASS,False,0,0,True,0.03,1199.5,0.44,1200.21
NEG-031,negation,19,11,19,0,0.0,42.11,1.0,PASS,False,0,0,True,0.03,1241.86,0.16,1242.29
NEG-032,negation,16,10,16,0,0.0,37.5,1.0,PASS,False,0,0,True,0.03,1211.01,0.45,1211.73
NEG-033,negation,15,9,15,0,0.0,40.0,1.0,PASS,False,0,0,True,0.03,1189.64,0.48,1190.42
NEG-034,negation,16,10,16,0,0.0,37.5,1.0,PASS,False,0,0,True,0.02,1241.27,0.14,1241.68
NEG-035,negation,15,11,15,0,0.0,26.67,1.0,PASS,False,0,0,True,0.03,1202.53,0.44,1203.23
NEG-036,negation,16,11,16,0,0.0,31.25,1.0,PASS,False,0,0,True,0.03,1205.41,0.46,1206.13
NEG-037,negation,14,8,14,0,0.0,42.86,1.0,PASS,False,0,0,True,0.03,1259.48,0.16,1259.91
NEG-038,negation,18,13,18,0,0.0,27.78,1.0,PASS,False,0,0,True,0.03,1204.43,0.46,1205.17
NEG-039,negation,20,12,20,0,0.0,40.0,1.0,PASS,False,0,0,True,0.03,1209.44,0.52,1210.21
NEG-040,negation,16,9,16,0,0.0,43.75,1.0,PASS,False,0,0,True,0.03,1251.65,0.47,1252.39
NEG-041,negation,11,6,11,0,0.0,45.45,1.0,PASS,False,0,0,True,0.03,1213.33,0.14,1213.73
NEG-042,negation,13,9,13,0,0.0,30.77,1.0,PASS,False,0,0,True,0.03,1244.59,0.15,1244.98
NEG-043,negation,15,10,15,0,0.0,33.33,1.0,PASS,False,0,0,True,0.03,1254.79,0.15,1255.21
NEG-044,negation,15,8,15,0,0.0,46.67,1.0,PASS,False,0,0,True,0.03,1216.82,0.17,1217.26
NEG-045,negation,16,10,16,0,0.0,37.5,1.0,PASS,False,0,0,True,0.03,1261.1,0.46,1261.81
NEG-046,negation,16,11,16,0,0.0,31.25,1.0,PASS,False,0,0,True,0.03,1360.53,0.16,1361.03
NEG-047,negation,17,10,17,0,0.0,41.18,1.0,PASS,False,0,0,True,0.03,1226.21,0.55,1227.03
NEG-048,negation,15,9,15,0,0.0,40.0,1.0,PASS,False,0,0,True,0.04,1302.42,0.19,1302.89
NEG-049,negation,15,10,15,0,0.0,33.33,1.0,PASS,False,0,0,True,0.03,1282.72,0.15,1283.14
NEG-050,negation,13,9,13,0,0.0,30.77,1.0,PASS,False,0,0,True,0.02,1254.98,0.43,1255.66
NUM-001,numeric_constraints,11,6,11,0,0.0,45.45,1.0,PASS,False,0,0,True,0.02,1215.78,0.15,1216.18
NUM-002,numeric_constraints,11,7,11,0,0.0,36.36,1.0,PASS,False,0,0,True,0.02,1292.5,0.14,1292.89
NUM-003,numeric_constraints,12,8,12,0,0.0,33.33,1.0,PASS,False,0,0,True,0.02,1269.79,0.15,1270.19
NUM-004,numeric_constraints,9,6,9,0,0.0,33.33,1.0,PASS,False,0,0,True,0.02,1211.34,0.13,1211.72
NUM-005,numeric_constraints,11,7,11,0,0.0,36.36,1.0,PASS,False,0,0,True,0.03,1252.62,0.15,1253.03
NUM-006,numeric_constraints,11,7,11,0,0.0,36.36,1.0,PASS,False,0,0,True,0.02,1275.1,0.14,1275.48
NUM-007,numeric_constraints,16,10,16,0,0.0,37.5,1.0,PASS,False,0,0,True,0.03,1212.19,0.18,1212.67
NUM-008,numeric_constraints,10,6,10,0,0.0,40.0,1.0,PASS,False,0,0,True,0.04,1253.83,0.15,1254.24
NUM-009,numeric_constraints,14,10,14,0,0.0,28.57,1.0,PASS,False,0,0,True,0.02,1208.99,0.22,1209.45
NUM-010,numeric_constraints,13,6,13,0,0.0,53.85,1.0,PASS,False,0,0,True,0.03,1227.75,0.13,1228.13
NUM-011,numeric_constraints,14,10,14,0,0.0,28.57,1.0,PASS,False,0,0,True,0.02,1270.18,0.15,1270.59
NUM-012,numeric_constraints,10,6,10,0,0.0,40.0,1.0,PASS,False,0,0,True,0.03,1219.88,0.14,1220.27
NUM-013,numeric_constraints,10,7,10,0,0.0,30.0,1.0,PASS,False,0,0,True,0.02,1241.94,0.13,1242.33
NUM-014,numeric_constraints,11,6,11,0,0.0,45.45,1.0,PASS,False,0,0,True,0.02,1256.59,0.14,1256.96
NUM-015,numeric_constraints,8,5,8,0,0.0,37.5,1.0,PASS,False,0,0,True,0.02,1218.32,0.1,1218.66
NUM-016,numeric_constraints,11,6,11,0,0.0,45.45,1.0,PASS,False,0,0,True,0.02,1211.36,0.12,1211.72
NUM-017,numeric_constraints,14,8,14,0,0.0,42.86,1.0,PASS,False,0,0,True,0.02,1247.09,0.15,1247.52
NUM-018,numeric_constraints,11,6,11,0,0.0,45.45,1.0,PASS,False,0,0,True,0.02,1220.48,0.15,1220.88
NUM-019,numeric_constraints,11,7,11,0,0.0,36.36,1.0,PASS,False,0,0,True,0.03,1215.2,0.15,1215.66
NUM-020,numeric_constraints,11,6,11,0,0.0,45.45,1.0,PASS,False,0,0,True,0.03,1261.08,0.18,1261.5
NUM-021,numeric_constraints,12,7,12,0,0.0,41.67,1.0,PASS,False,0,0,True,0.03,1227.61,0.14,1228.03
NUM-022,numeric_constraints,12,8,12,0,0.0,33.33,1.0,PASS,False,0,0,True,0.02,1230.84,0.13,1231.24
NUM-023,numeric_constraints,14,8,14,0,0.0,42.86,1.0,PASS,False,0,0,True,0.03,1249.17,0.15,1249.58
NUM-024,numeric_constraints,11,7,11,0,0.0,36.36,1.0,PASS,False,0,0,True,0.03,1219.17,0.14,1219.56
NUM-025,numeric_constraints,12,8,12,0,0.0,33.33,1.0,PASS,False,0,0,True,0.02,1220.17,0.19,1220.61
NUM-026,numeric_constraints,12,7,12,0,0.0,41.67,1.0,PASS,False,0,0,True,0.03,1294.86,0.16,1295.29
NUM-027,numeric_constraints,13,8,13,0,0.0,38.46,1.0,PASS,False,0,0,True,0.03,1268.61,0.16,1269.05
NUM-028,numeric_constraints,10,6,10,0,0.0,40.0,1.0,PASS,False,0,0,True,0.02,1229.2,0.13,1229.58
NUM-029,numeric_constraints,13,8,13,0,0.0,38.46,1.0,PASS,False,0,0,True,0.02,1270.15,0.15,1270.57
NUM-030,numeric_constraints,14,10,14,0,0.0,28.57,1.0,PASS,False,0,0,True,0.03,1217.81,0.21,1218.28
NUM-031,numeric_constraints,13,7,13,0,0.0,46.15,1.0,PASS,False,0,0,True,0.03,1251.35,0.24,1251.93
NUM-032,numeric_constraints,12,8,12,0,0.0,33.33,1.0,PASS,False,0,0,True,0.03,1282.75,0.14,1283.16
NUM-033,numeric_constraints,9,5,9,0,0.0,44.44,1.0,PASS,False,0,0,True,0.02,1236.08,0.12,1236.45
NUM-034,numeric_constraints,12,7,12,0,0.0,41.67,1.0,PASS,False,0,0,True,0.02,1331.72,0.14,1332.11
NUM-035,numeric_constraints,12,7,12,0,0.0,41.67,1.0,PASS,False,0,0,True,0.03,1288.37,0.14,1288.77
NUM-036,numeric_constraints,11,7,11,0,0.0,36.36,1.0,PASS,False,0,0,True,0.02,1226.3,0.18,1226.72
NUM-037,numeric_constraints,9,6,9,0,0.0,33.33,1.0,PASS,False,0,0,True,0.02,1226.52,0.16,1226.92
NUM-038,numeric_constraints,14,9,14,0,0.0,35.71,1.0,PASS,False,0,0,True,0.03,1270.0,0.14,1270.4
NUM-039,numeric_constraints,10,6,10,0,0.0,40.0,1.0,PASS,False,0,0,True,0.02,1223.9,0.18,1224.31
NUM-040,numeric_constraints,10,6,10,0,0.0,40.0,1.0,PASS,False,0,0,True,0.03,1228.53,0.14,1228.92
NUM-041,numeric_constraints,13,9,13,0,0.0,30.77,1.0,PASS,False,0,0,True,0.03,1263.34,0.14,1263.73
NUM-042,numeric_constraints,14,10,14,0,0.0,28.57,1.0,PASS,False,0,0,True,0.02,1229.3,0.15,1229.71
NUM-043,numeric_constraints,12,8,12,0,0.0,33.33,1.0,PASS,False,0,0,True,0.02,1262.6,0.16,1263.01
NUM-044,numeric_constraints,9,6,9,0,0.0,33.33,1.0,PASS,False,0,0,True,0.03,1277.61,0.13,1278.0
NUM-045,numeric_constraints,11,6,11,0,0.0,45.45,1.0,PASS,False,0,0,True,0.02,1229.81,0.13,1230.18
NUM-046,numeric_constraints,14,7,14,0,0.0,50.0,1.0,PASS,False,0,0,True,0.02,1277.0,0.13,1277.37
NUM-047,numeric_constraints,15,9,15,0,0.0,40.0,1.0,PASS,False,0,0,True,0.03,1219.85,0.13,1220.24
NUM-048,numeric_constraints,11,6,11,0,0.0,45.45,1.0,PASS,False,0,0,True,0.02,1268.86,0.14,1269.26
NUM-049,numeric_constraints,10,5,10,0,0.0,50.0,1.0,PASS,False,0,0,True,0.02,1281.21,0.16,1281.66
NUM-050,numeric_constraints,10,7,10,0,0.0,30.0,1.0,PASS,False,0,0,True,0.03,1218.08,0.13,1218.48
FMT-001,output_formats,9,5,9,0,0.0,44.44,1.0,PASS,False,0,0,True,0.02,1256.16,0.1,1256.5
FMT-002,output_formats,12,6,12,0,0.0,50.0,1.0,PASS,False,0,0,True,0.03,1267.94,0.5,1268.71
FMT-003,output_formats,22,14,22,0,0.0,36.36,1.0,PASS,False,0,0,True,0.03,1268.94,0.16,1269.38
FMT-004,output_formats,13,8,13,0,0.0,38.46,1.0,PASS,False,0,0,True,0.03,1219.07,0.12,1219.45
FMT-005,output_formats,20,11,20,0,0.0,45.0,1.0,PASS,False,0,0,True,0.03,1218.4,0.17,1218.86
FMT-006,output_formats,17,12,17,0,0.0,29.41,1.0,PASS,False,0,0,True,0.03,1266.48,0.14,1266.92
FMT-007,output_formats,17,12,17,0,0.0,29.41,1.0,PASS,False,0,0,True,0.02,1216.28,0.13,1216.68
FMT-008,output_formats,15,10,15,0,0.0,33.33,1.0,PASS,False,0,0,True,0.03,1271.2,0.14,1271.63
FMT-009,output_formats,16,8,16,0,0.0,50.0,1.0,PASS,False,0,0,True,0.03,1236.31,0.12,1236.71
FMT-010,output_formats,13,8,13,0,0.0,38.46,1.0,PASS,False,0,0,True,0.03,1297.01,0.24,1297.53
FMT-011,output_formats,15,8,15,0,0.0,46.67,1.0,PASS,False,0,0,True,0.03,1282.58,0.12,1282.97
FMT-012,output_formats,20,13,20,0,0.0,35.0,1.0,PASS,False,0,0,True,0.03,1228.42,0.15,1228.84
FMT-013,output_formats,15,10,15,0,0.0,33.33,1.0,PASS,False,0,0,True,0.03,1273.18,0.12,1273.63
FMT-014,output_formats,14,9,14,0,0.0,35.71,1.0,PASS,False,0,0,True,0.03,1287.03,0.13,1287.42
FMT-015,output_formats,14,8,14,0,0.0,42.86,1.0,PASS,False,0,0,True,0.03,1224.26,0.13,1224.68
FMT-016,output_formats,13,8,13,0,0.0,38.46,1.0,PASS,False,0,0,True,0.03,1288.07,0.14,1288.51
FMT-017,output_formats,13,9,13,0,0.0,30.77,1.0,PASS,False,0,0,True,0.03,1224.83,0.13,1225.27
FMT-018,output_formats,14,9,14,0,0.0,35.71,1.0,PASS,False,0,0,True,0.03,1255.52,0.49,1256.27
FMT-019,output_formats,16,9,16,0,0.0,43.75,1.0,PASS,False,0,0,True,0.03,1319.25,0.12,1319.66
FMT-020,output_formats,13,9,13,0,0.0,30.77,1.0,PASS,False,0,0,True,0.03,1267.23,0.12,1267.6
FMT-021,output_formats,12,8,12,0,0.0,33.33,1.0,PASS,False,0,0,True,0.02,1224.29,0.23,1224.78
FMT-022,output_formats,11,6,11,0,0.0,45.45,1.0,PASS,False,0,0,True,0.03,1226.8,0.14,1227.19
FMT-023,output_formats,15,9,15,0,0.0,40.0,1.0,PASS,False,0,0,True,0.02,1262.83,0.12,1263.2
FMT-024,output_formats,11,8,11,0,0.0,27.27,1.0,PASS,False,0,0,True,0.02,1229.42,0.1,1229.77
FMT-025,output_formats,13,7,13,0,0.0,46.15,1.0,PASS,False,0,0,True,0.03,1227.33,0.13,1227.73
FMT-026,output_formats,16,8,16,0,0.0,50.0,1.0,PASS,False,0,0,True,0.03,1265.65,0.13,1266.05
FMT-027,output_formats,13,9,13,0,0.0,30.77,1.0,PASS,False,0,0,True,0.03,1228.09,0.12,1228.47
FMT-028,output_formats,13,8,13,0,0.0,38.46,1.0,PASS,False,0,0,True,0.02,1260.75,0.12,1261.13
FMT-029,output_formats,16,7,16,0,0.0,56.25,1.0,PASS,False,0,0,True,0.03,1281.97,0.13,1282.36
FMT-030,output_formats,13,9,13,0,0.0,30.77,1.0,PASS,False,0,0,True,0.02,1219.9,0.17,1220.33
FMT-031,output_formats,10,6,10,0,0.0,40.0,1.0,PASS,False,0,0,True,0.03,1276.49,0.12,1276.87
FMT-032,output_formats,15,11,15,0,0.0,26.67,1.0,PASS,False,0,0,True,0.03,1232.62,0.12,1232.99
FMT-033,output_formats,12,7,12,0,0.0,41.67,1.0,PASS,False,0,0,True,0.03,1231.57,0.12,1231.95
FMT-034,output_formats,13,8,13,0,0.0,38.46,1.0,PASS,False,0,0,True,0.03,1287.13,0.14,1287.51
FMT-035,output_formats,15,9,15,0,0.0,40.0,1.0,PASS,False,0,0,True,0.02,1286.15,0.2,1286.61
FMT-036,output_formats,11,5,11,0,0.0,54.55,1.0,PASS,False,0,0,True,0.02,1315.84,0.12,1316.21
FMT-037,output_formats,12,8,12,0,0.0,33.33,1.0,PASS,False,0,0,True,0.02,1281.25,0.12,1281.62
FMT-038,output_formats,11,7,11,0,0.0,36.36,1.0,PASS,False,0,0,True,0.02,1224.47,0.12,1224.86
FMT-039,output_formats,13,8,13,0,0.0,38.46,1.0,PASS,False,0,0,True,0.03,1214.07,0.13,1214.46
FMT-040,output_formats,15,11,15,0,0.0,26.67,1.0,PASS,False,0,0,True,0.03,1266.79,0.12,1267.17
FMT-041,output_formats,14,9,14,0,0.0,35.71,1.0,PASS,False,0,0,True,0.02,1237.63,0.12,1238.0
FMT-042,output_formats,16,10,16,0,0.0,37.5,1.0,PASS,False,0,0,True,0.03,1268.68,0.12,1269.08
FMT-043,output_formats,13,8,13,0,0.0,38.46,1.0,PASS,False,0,0,True,0.02,1229.91,0.11,1230.27
FMT-044,output_formats,14,10,14,0,0.0,28.57,1.0,PASS,False,0,0,True,0.03,1264.64,0.13,1265.07
FMT-045,output_formats,13,9,13,0,0.0,30.77,1.0,PASS,False,0,0,True,0.03,1242.54,0.14,1242.93
FMT-046,output_formats,16,11,16,0,0.0,31.25,1.0,PASS,False,0,0,True,0.03,1319.59,0.16,1320.02
FMT-047,output_formats,14,10,14,0,0.0,28.57,1.0,PASS,False,0,0,True,0.03,1268.75,0.15,1269.23
FMT-048,output_formats,17,11,17,0,0.0,35.29,1.0,PASS,False,0,0,True,0.03,1295.79,0.12,1296.19
FMT-049,output_formats,15,8,15,0,0.0,46.67,1.0,PASS,False,0,0,True,0.03,1226.67,0.12,1227.05
FMT-050,output_formats,16,9,16,0,0.0,43.75,1.0,PASS,False,0,0,True,0.03,1295.82,0.13,1296.22
RAG-001,rag,56,35,48,8,14.29,37.5,0.8571,PASS,False,3,3,False,0.05,1239.55,0.2,5053.2
RAG-002,rag,60,37,60,0,0.0,38.33,1.0,FAIL,True,5,5,False,0.05,1224.9,0.18,7420.29
RAG-003,rag,44,26,44,0,0.0,40.91,1.0,PASS,False,0,0,False,0.04,1267.15,0.25,1268.03
RAG-004,rag,52,35,51,1,1.92,32.69,0.9808,PASS,False,5,5,False,0.05,1258.8,0.3,7446.82
RAG-005,rag,46,34,37,9,19.57,26.09,0.8043,PASS,False,1,1,False,0.04,1301.28,0.17,2528.23
RAG-006,rag,38,24,38,0,0.0,36.84,1.0,FAIL,True,5,5,False,0.04,1319.08,0.23,7453.71
RAG-007,rag,32,21,32,0,0.0,34.38,1.0,FAIL,True,5,5,False,0.04,1269.88,0.3,7521.87
RAG-008,rag,43,24,43,0,0.0,44.19,1.0,FAIL,True,5,5,False,0.04,1243.62,0.37,7501.82
RAG-009,rag,31,20,26,5,16.13,35.48,0.8387,PASS,False,3,3,False,0.04,1293.75,0.21,5004.96
RAG-010,rag,39,25,32,7,17.95,35.9,0.8205,PASS,False,1,1,False,0.04,1227.53,0.2,2447.96
RAG-011,rag,32,22,32,0,0.0,31.25,1.0,PASS,False,0,0,True,0.04,1267.83,0.37,1268.5
RAG-012,rag,36,25,36,0,0.0,30.56,1.0,PASS,False,0,0,True,0.03,1219.38,0.27,1220.04
RAG-013,rag,32,22,32,0,0.0,31.25,1.0,PASS,False,0,0,True,0.03,1268.33,0.34,1268.95
RAG-014,rag,39,22,39,0,0.0,43.59,1.0,FAIL,True,5,5,False,0.04,1328.89,0.13,7636.32
RAG-015,rag,27,15,27,0,0.0,44.44,1.0,PASS,False,0,0,True,0.03,1226.11,0.33,1226.77
RNG-001,ranges,8,5,8,0,0.0,37.5,1.0,PASS,False,0,0,True,0.02,1226.52,0.15,1226.91
RNG-002,ranges,13,7,13,0,0.0,46.15,1.0,PASS,False,0,0,True,0.02,1324.69,0.11,1325.06
RNG-003,ranges,13,9,13,0,0.0,30.77,1.0,PASS,False,0,0,True,0.03,1285.89,0.27,1286.43
RNG-004,ranges,9,7,9,0,0.0,22.22,1.0,PASS,False,0,0,True,0.03,1242.26,0.16,1242.68
RNG-005,ranges,11,8,11,0,0.0,27.27,1.0,PASS,False,0,0,True,0.03,1225.05,0.18,1225.48
RNG-006,ranges,9,5,9,0,0.0,44.44,1.0,PASS,False,0,0,True,0.02,1266.84,0.24,1267.33
RNG-007,ranges,12,6,12,0,0.0,50.0,1.0,PASS,False,0,0,True,0.02,1225.6,0.14,1226.0
RNG-008,ranges,14,10,14,0,0.0,28.57,1.0,PASS,False,0,0,True,0.03,1224.28,0.11,1224.64
RNG-009,ranges,10,6,10,0,0.0,40.0,1.0,PASS,False,0,0,True,0.02,1261.85,0.15,1262.26
RNG-010,ranges,13,8,13,0,0.0,38.46,1.0,PASS,False,0,0,True,0.02,1220.61,0.13,1221.04
RNG-011,ranges,15,10,15,0,0.0,33.33,1.0,PASS,False,0,0,True,0.03,1306.31,0.11,1306.68
RNG-012,ranges,13,8,13,0,0.0,38.46,1.0,PASS,False,0,0,True,0.03,1226.33,0.25,1226.85
RNG-013,ranges,12,8,12,0,0.0,33.33,1.0,PASS,False,0,0,True,0.02,1281.92,0.26,1282.45
RNG-014,ranges,13,8,13,0,0.0,38.46,1.0,PASS,False,0,0,True,0.03,1222.87,0.1,1223.22
RNG-015,ranges,14,8,14,0,0.0,42.86,1.0,PASS,False,0,0,True,0.02,1243.69,0.12,1244.07
RNG-016,ranges,12,8,12,0,0.0,33.33,1.0,PASS,False,0,0,True,0.03,1282.69,0.16,1283.1
RNG-017,ranges,11,7,11,0,0.0,36.36,1.0,PASS,False,0,0,True,0.03,1315.13,0.23,1315.61
RNG-018,ranges,12,8,12,0,0.0,33.33,1.0,PASS,False,0,0,True,0.02,1281.77,0.11,1282.12
RNG-019,ranges,14,8,14,0,0.0,42.86,1.0,PASS,False,0,0,True,0.02,1278.76,0.11,1279.12
RNG-020,ranges,12,9,12,0,0.0,25.0,1.0,PASS,False,0,0,True,0.03,1209.44,0.29,1210.0
RNG-021,ranges,11,6,11,0,0.0,45.45,1.0,PASS,False,0,0,True,0.03,1221.1,0.2,1221.55
RNG-022,ranges,12,6,12,0,0.0,50.0,1.0,PASS,False,0,0,True,0.02,1256.88,0.24,1257.39
RNG-023,ranges,13,8,13,0,0.0,38.46,1.0,PASS,False,0,0,True,0.03,1219.77,0.17,1220.22
RNG-024,ranges,11,7,11,0,0.0,36.36,1.0,PASS,False,0,0,True,0.02,1233.17,0.15,1233.58
RNG-025,ranges,13,8,13,0,0.0,38.46,1.0,PASS,False,0,0,True,0.02,1261.88,0.16,1262.31
REA-001,reasoning,23,23,23,0,0.0,0.0,1.0,FAIL,True,4,4,False,0.04,1228.12,0.15,6253.69
REA-002,reasoning,39,24,37,2,5.13,38.46,0.9487,PASS,False,4,4,False,0.04,1266.21,0.19,6341.82
REA-003,reasoning,29,20,11,18,62.07,31.03,0.3793,PASS,False,4,4,False,0.03,1260.13,0.16,6205.49
REA-004,reasoning,25,17,11,14,56.0,32.0,0.44,PASS,False,4,4,False,0.04,1211.15,0.17,6214.22
REA-005,reasoning,26,17,26,0,0.0,34.62,1.0,PASS,False,0,0,True,0.03,1209.39,0.27,1209.94
REA-006,reasoning,33,21,33,0,0.0,36.36,1.0,PASS,False,0,0,True,0.04,1267.86,0.23,1268.44
REA-007,reasoning,24,15,24,0,0.0,37.5,1.0,PASS,False,0,0,True,0.03,1202.81,0.15,1203.24
REA-008,reasoning,26,17,26,0,0.0,34.62,1.0,PASS,False,0,0,True,0.03,1237.13,0.15,1237.59
REA-009,reasoning,20,14,20,0,0.0,30.0,1.0,PASS,False,0,0,True,0.03,1287.23,0.2,1287.75
REA-010,reasoning,24,15,24,0,0.0,37.5,1.0,PASS,False,0,0,True,0.03,1203.47,0.17,1203.97
REA-011,reasoning,32,20,32,0,0.0,37.5,1.0,PASS,False,0,0,True,0.04,1309.64,0.19,1310.19
REA-012,reasoning,31,19,29,2,6.45,38.71,0.9355,PASS,False,4,4,False,0.04,1219.29,0.22,6043.59
REA-013,reasoning,28,16,28,0,0.0,42.86,1.0,PASS,False,0,0,True,0.03,1210.68,0.24,1211.22
REA-014,reasoning,29,17,29,0,0.0,41.38,1.0,PASS,False,0,0,True,0.03,1230.79,0.16,1231.28
REA-015,reasoning,32,24,32,0,0.0,25.0,1.0,PASS,False,0,0,True,0.03,1250.1,0.15,1250.61
ROL-001,roles,21,15,21,0,0.0,28.57,1.0,PASS,False,0,0,True,0.03,1260.93,0.16,1261.41
ROL-002,roles,14,8,14,0,0.0,42.86,1.0,PASS,False,0,0,True,0.03,1240.97,0.16,1241.41
ROL-003,roles,17,8,17,0,0.0,52.94,1.0,PASS,False,0,0,True,0.03,1220.98,0.13,1221.36
ROL-004,roles,14,9,14,0,0.0,35.71,1.0,PASS,False,0,0,True,0.03,1256.75,0.13,1257.15
ROL-005,roles,17,11,17,0,0.0,35.29,1.0,PASS,False,0,0,True,0.03,1216.48,0.14,1216.92
ROL-006,roles,16,9,16,0,0.0,43.75,1.0,PASS,False,0,0,True,0.03,1220.07,0.12,1220.47
ROL-007,roles,18,11,18,0,0.0,38.89,1.0,PASS,False,0,0,True,0.03,1254.8,0.14,1255.21
ROL-008,roles,24,14,24,0,0.0,41.67,1.0,PASS,False,0,0,True,0.03,1269.13,0.13,1269.54
ROL-009,roles,12,8,12,0,0.0,33.33,1.0,PASS,False,0,0,True,0.03,1325.11,0.14,1325.58
ROL-010,roles,20,13,20,0,0.0,35.0,1.0,PASS,False,0,0,True,0.03,1294.03,0.13,1294.43
ROL-011,roles,15,9,15,0,0.0,40.0,1.0,PASS,False,0,0,True,0.03,1215.47,0.14,1215.88
ROL-012,roles,15,9,15,0,0.0,40.0,1.0,PASS,False,0,0,True,0.03,1220.08,0.13,1220.48
ROL-013,roles,14,9,14,0,0.0,35.71,1.0,PASS,False,0,0,True,0.03,1240.81,0.12,1241.19
ROL-014,roles,16,10,16,0,0.0,37.5,1.0,PASS,False,0,0,True,0.03,1234.77,0.13,1235.17
ROL-015,roles,15,8,15,0,0.0,46.67,1.0,PASS,False,0,0,True,0.03,1275.62,0.12,1276.02
URL-001,urls_paths,32,20,32,0,0.0,37.5,1.0,PASS,False,0,0,True,0.03,1228.2,0.16,1228.65
URL-002,urls_paths,30,12,30,0,0.0,60.0,1.0,PASS,False,0,0,True,0.03,1213.85,0.15,1214.35
URL-003,urls_paths,20,16,20,0,0.0,20.0,1.0,PASS,False,0,0,True,0.03,1238.22,0.13,1238.61
URL-004,urls_paths,21,14,21,0,0.0,33.33,1.0,PASS,False,0,0,True,0.03,1225.15,0.16,1225.57
URL-005,urls_paths,26,16,26,0,0.0,38.46,1.0,PASS,False,0,0,True,0.03,1238.33,0.13,1238.71
URL-006,urls_paths,23,15,23,0,0.0,34.78,1.0,PASS,False,0,0,True,0.03,1240.16,0.17,1240.59
URL-007,urls_paths,19,14,19,0,0.0,26.32,1.0,PASS,False,0,0,True,0.03,1237.98,0.12,1238.36
URL-008,urls_paths,26,13,26,0,0.0,50.0,1.0,PASS,False,0,0,True,0.03,1287.61,0.14,1288.01
URL-009,urls_paths,19,7,19,0,0.0,63.16,1.0,PASS,False,0,0,True,0.03,1287.82,0.12,1288.28
URL-010,urls_paths,25,18,25,0,0.0,28.0,1.0,PASS,False,0,0,True,0.03,1233.66,0.13,1234.05
URL-011,urls_paths,41,23,41,0,0.0,43.9,1.0,PASS,False,0,0,True,0.03,1225.6,0.15,1226.02
URL-012,urls_paths,22,10,22,0,0.0,54.55,1.0,PASS,False,0,0,True,0.03,1226.31,0.12,1226.69
URL-013,urls_paths,21,14,21,0,0.0,33.33,1.0,PASS,False,0,0,True,0.03,1236.06,0.15,1236.53
URL-014,urls_paths,36,24,36,0,0.0,33.33,1.0,PASS,False,0,0,True,0.04,1301.06,0.14,1301.46
URL-015,urls_paths,32,10,32,0,0.0,68.75,1.0,PASS,False,0,0,True,0.03,1261.03,0.14,1261.45
